{"train/loss": 1.4038, "train/learning_rate": 0.0004991576819407008, "train/epoch": 0.01, "train/global_step": 10, "_timestamp": 1702800303.4347003, "_runtime": 1185.7770702838898, "_step": 1, "eval/loss": 1.399179458618164, "eval/wa": 0.24847958297132927, "eval/ua": 0.25, "eval/f1": 0.09890766977007678, "eval/accuracy": 0.24847958297132927, "eval/runtime": 979.7147, "eval/samples_per_second": 1.175, "eval/steps_per_second": 0.073, "_wandb": {"runtime": 3062}}