{"train/loss": 1.3975, "train/learning_rate": 0.0004954297508477075, "train/epoch": 0.06, "train/global_step": 62, "_timestamp": 1702827849.4103742, "_runtime": 718.4976782798767, "_step": 0, "_wandb": {"runtime": 717}}