{"train/loss": 0.7513, "train/learning_rate": 6.95322376738306e-06, "train/epoch": 7.0, "train/global_step": 7910, "_timestamp": 1702974015.8217185, "_runtime": 108299.89804434776, "_step": 79, "eval/loss": 1.3632349967956543, "eval/wa": 0.45438748913987836, "eval/ua": 0.4630637335683442, "eval/f1": 0.43156226807077736, "eval/accuracy": 0.45438748913987836, "eval/runtime": 884.6311, "eval/samples_per_second": 1.301, "eval/steps_per_second": 0.109, "train/train_runtime": 107407.1207, "train/train_samples_per_second": 0.884, "train/train_steps_per_second": 0.074, "train/total_flos": 0.0, "train/train_loss": 1.0185293793226162, "_wandb": {"runtime": 109078}}