{"train/loss": 0.7379, "train/learning_rate": 0.00024715549936788877, "train/epoch": 3.54, "train/global_step": 4000, "_timestamp": 1703050151.2425342, "_runtime": 55224.88164305687, "_step": 39, "eval/loss": 1.369786024093628, "eval/wa": 0.4413553431798436, "eval/ua": 0.45173150363980286, "eval/f1": 0.44222334711613703, "eval/accuracy": 0.4413553431798436, "eval/runtime": 849.823, "eval/samples_per_second": 1.354, "eval/steps_per_second": 0.113}