{"train/loss": 1.3982, "train/learning_rate": 0.00048955525606469, "train/epoch": 0.15, "train/global_step": 124, "_timestamp": 1702806692.955239, "_runtime": 3571.2475559711456, "_step": 3, "eval/loss": 1.4132333993911743, "eval/wa": 0.24847958297132927, "eval/ua": 0.25, "eval/f1": 0.09890766977007678, "eval/accuracy": 0.24847958297132927, "eval/runtime": 940.6811, "eval/samples_per_second": 1.224, "eval/steps_per_second": 0.077}